set_name,set_code,release_year,release_month,set_size,num_banned
15th Anniversary Cards,P15A,2008,04,2,0.0
2016 Heroes of the Realm,PHTR,2017,09,3,0.0
2017 Gift Pack,G17,2017,10,5,0.0
2017 Heroes of the Realm,PH17,2018,08,3,0.0
2018 Heroes of the Realm,PH18,2019,08,4,0.0
2019 Heroes of the Realm,PH19,2020,08,9,0.0
2020 Heroes of the Realm,PH20,2021,08,3,0.0
2021 Heroes of the Realm,PH21,2022,08,4,0.0
2022 Heroes of the Realm,PH22,2023,08,5,0.0
30th Anniversary Celebration Tokyo,P30T,2023,09,2,0.0
30th Anniversary Edition,30A,2022,11,594,0.0
30th Anniversary History Promos,P30H,2022,09,10,0.0
30th Anniversary Misc Promos,P30M,2022,09,5,0.0
30th Anniversary Play Promos,P30A,2022,09,30,0.0
Adventures in the Forgotten Realms,AFR,2021,07,281,0.0
Adventures in the Forgotten Realms Art Series,AAFR,2021,07,0,0.0
Adventures in the Forgotten Realms Minigames,MAFR,2021,07,5,0.0
Adventures in the Forgotten Realms Promos,PAFR,2021,07,240,0.0
Aether Revolt,AER,2017,01,184,0.0
Aether Revolt Promos,PAER,2017,01,65,0.0
Alara Reborn,ARB,2009,04,145,0.0
Alara Reborn Promos,PARB,2009,04,2,0.0
Alchemy Horizons: Baldur's Gate,HBG,2022,07,456,0.0
Alchemy: Dominaria,YDMU,2022,10,39,0.0
Alchemy: Innistrad,YMID,2021,12,64,0.0
Alchemy: Ixalan,YLCI,2023,12,30,0.0
Alchemy: Kamigawa,YNEO,2022,03,30,0.0
Alchemy: Murders at Karlov Manor,YMKM,2024,03,30,0.0
Alchemy: New Capenna,YSNC,2022,06,30,0.0
Alchemy: Phyrexia,YONE,2023,02,30,0.0
Alchemy: The Brothers' War,YBRO,2022,12,31,0.0
Alchemy: Wilds of Eldraine,YWOE,2023,10,34,0.0
Alliances,ALL,1996,06,199,0.0
Amonkhet,AKH,2017,04,269,0.0
Amonkhet Invocations,MP2,2017,04,54,0.0
Amonkhet Promos,PAKH,2017,04,76,0.0
Amonkhet Remastered,AKR,2020,08,338,0.0
Anthologies,ATH,1998,11,85,0.0
Antiquities,ATQ,1994,03,100,2.0
Apocalypse,APC,2001,06,143,0.0
Apocalypse Promos,PAPC,2001,06,1,0.0
Arabian Nights,ARN,1993,12,78,2.0
Archenemy,ARC,2010,06,150,0.0
Archenemy Schemes,OARC,2010,06,45,0.0
Archenemy: Nicol Bolas,E01,2017,06,106,0.0
Archenemy: Nicol Bolas Schemes,OE01,2017,06,20,0.0
Arena Beginner Set,ANB,2020,08,116,0.0
Arena League 1996,PARL,1996,08,7,0.0
Arena League 1999,PAL99,1999,01,350,0.0
Arena League 2000,PAL00,2000,01,11,0.0
Arena League 2001,PAL01,2001,01,12,0.0
Arena League 2002,PAL02,2002,01,5,0.0
Arena League 2003,PAL03,2003,01,8,0.0
Arena League 2004,PAL04,2004,01,8,0.0
Arena League 2005,PAL05,2005,01,8,0.0
Arena League 2006,PAL06,2006,01,8,0.0
Arena New Player Experience,ANA,2018,07,40,0.0
Arena New Player Experience Cards,OANA,2018,07,14,0.0
Arena New Player Experience Extras,XANA,2018,07,20,0.0
Asia Pacific Land Program,PALP,1998,09,15,0.0
Assassin's Creed,ACR,2024,07,112,0.0
Astral Cards,PAST,1997,04,12,0.0
Avacyn Restored,AVR,2012,05,244,0.0
Avacyn Restored Promos,PAVR,2012,04,5,0.0
BFZ Standard Series,PSS1,2015,10,5,0.0
Battle Royale Box Set,BRB,1999,11,136,0.0
Battle for Baldur's Gate Art Series,ACLB,2022,06,0,0.0
Battle for Baldur's Gate Promos,PCLB,2022,06,108,0.0
Battle for Zendikar,BFZ,2015,10,274,0.0
Battle for Zendikar Promos,PBFZ,2015,10,89,0.0
Battle the Horde,TBTH,2014,03,15,0.0
Battlebond,BBD,2018,06,254,0.0
Battlebond Promos,PBBD,2018,06,22,0.0
Beatdown Box Set,BTD,2000,10,90,0.0
Betrayers of Kamigawa,BOK,2005,02,165,0.0
Betrayers of Kamigawa Promos,PBOK,2005,02,2,0.0
Bloomburrow,BLB,2024,08,292,0.0
Born of the Gods,BNG,2014,02,165,0.0
Born of the Gods Hero's Path,THP2,2014,02,7,0.0
Born of the Gods Promos,PBNG,2014,02,9,0.0
Breaking News,OTP,2024,04,0,0.0
Celebration Cards,PCEL,1996,08,8,0.0
Challenger Decks 2018,Q01,2018,04,0,0.0
Challenger Decks 2019,Q02,2019,04,0,0.0
Challenger Decks 2019 Japan,Q03,2019,11,0,0.0
Challenger Decks 2020,Q04,2020,03,0,0.0
Challenger Decks 2021,Q05,2021,03,0,0.0
Challenger Decks 2022,Q07,2022,04,0,0.0
Champions of Kamigawa,CHK,2004,10,306,1.0
Champions of Kamigawa Promos,PCHK,2004,10,1,0.0
Champs and States,PCMP,2006,03,12,0.0
Chronicles,CHR,1995,07,125,0.0
Chronicles Foreign Black Border,BCHR,1995,07,125,0.0
Classic Sixth Edition,6ED,1999,04,350,0.0
Coldsnap,CSP,2006,07,155,0.0
Coldsnap Promos,PCSP,2006,07,1,0.0
Coldsnap Theme Decks,CST,2006,07,62,0.0
Collectors' Edition,CED,1993,12,302,0.0
Commander 2011,CMD,2011,06,318,0.0
Commander 2011 Launch Party,PCMD,2011,06,5,0.0
Commander 2011 Oversized,OCMD,2011,06,15,0.0
Commander 2013,C13,2013,11,356,0.0
Commander 2013 Oversized,OC13,2013,11,15,0.0
Commander 2014,C14,2014,11,337,0.0
Commander 2014 Oversized,OC14,2014,11,5,0.0
Commander 2015,C15,2015,11,342,0.0
Commander 2015 Oversized,OC15,2015,11,5,0.0
Commander 2016,C16,2016,11,351,0.0
Commander 2016 Oversized,OC16,2016,11,5,0.0
Commander 2017,C17,2017,08,309,0.0
Commander 2017 Oversized,OC17,2017,08,4,0.0
Commander 2018,C18,2018,08,307,0.0
Commander 2018 Oversized,OC18,2018,08,4,0.0
Commander 2019,C19,2019,08,302,0.0
Commander 2019 Oversized,OC19,2019,08,4,0.0
Commander 2020,C20,2020,04,322,0.0
Commander 2020 Oversized,OC20,2020,04,5,0.0
Commander 2021,C21,2021,04,81,0.0
Commander 2021 Display Commanders,OC21,2021,04,5,0.0
Commander Anthology,CMA,2017,06,320,0.0
Commander Anthology Volume II,CM2,2018,06,312,0.0
Commander Collection: Black,CC2,2022,01,8,0.0
Commander Collection: Green,CC1,2020,12,8,0.0
Commander Legends,CMR,2020,11,361,0.0
Commander Legends Promos,PCMR,2020,11,2,0.0
Commander Legends: Battle for Baldur's Gate,CLB,2022,06,361,1.0
Commander Legends: Battle for Baldur's Gate Minigames,MCLB,2022,06,0,0.0
Commander Masters,CMM,2023,08,451,0.0
Commander Masters Art Series,ACMM,2023,08,0,0.0
Commander's Arsenal,CM1,2012,11,18,0.0
Commander's Arsenal Oversized,OCM1,2012,11,10,0.0
Conflux,CON,2009,02,145,0.0
Conflux Promos,PCON,2009,02,2,0.0
Conspiracy,CNS,2014,06,210,0.0
Conspiracy Promos,PCNS,2014,06,1,0.0
Conspiracy: Take the Crown,CN2,2016,08,221,0.0
Core Set 2019,M19,2018,07,280,0.0
Core Set 2019 Promos,PM19,2018,07,94,0.0
Core Set 2020,M20,2019,07,280,0.0
Core Set 2020 Promos,PM20,2019,07,143,0.0
Core Set 2021,M21,2020,07,274,0.0
Core Set 2021 Promos,PM21,2020,07,136,0.0
Crimson Vow Art Series,AVOW,2021,11,0,0.0
Crimson Vow Commander,VOC,2021,11,38,0.0
Crimson Vow Commander Display Commanders,OVOC,2021,11,2,0.0
DCI Legend Membership,PLGM,1996,07,2,0.0
DCI Promos,PDCI,2006,01,79,0.0
DMU Japanese Promo Tokens,WDMU,2022,09,0,0.0
Dark Ascension,DKA,2012,02,158,0.0
Dark Ascension Promos,PDKA,2012,01,5,0.0
Darksteel,DST,2004,02,165,1.0
Darksteel Promos,PDST,2004,02,1,0.0
Deckmasters,DKM,2001,12,50,0.0
Defeat a God,TDAG,2014,05,15,0.0
Dissension,DIS,2006,05,180,0.0
Dissension Promos,PDIS,2006,05,2,0.0
Doctor Who,WHO,2023,10,331,0.0
Dominaria,DOM,2018,04,269,0.0
Dominaria Promos,PDOM,2018,04,118,0.0
Dominaria Remastered,DMR,2023,01,261,0.0
Dominaria United,DMU,2022,09,281,0.0
Dominaria United Art Series,ADMU,2022,09,0,0.0
Dominaria United Commander,DMC,2022,09,50,0.0
Dominaria United Jumpstart Front Cards,FDMU,2022,09,0,0.0
Dominaria United Minigames,MDMU,2022,09,0,0.0
Dominaria United Promos,PDMU,2022,09,160,0.0
Dominaria United Southeast Asia Tokens,PTDMU,2022,09,0,0.0
Double Masters,2XM,2020,08,332,0.0
Double Masters 2022,2X2,2022,07,577,0.0
Dragon Con,PDRC,1994,07,1,0.0
Dragon's Maze,DGM,2013,05,156,0.0
Dragon's Maze Promos,PDGM,2013,04,6,0.0
Dragons of Tarkir,DTK,2015,03,264,0.0
Dragons of Tarkir Promos,PDTK,2015,03,51,0.0
Duel Decks Anthology: Divine vs. Demonic,DVD,2014,12,62,0.0
Duel Decks Anthology: Elves vs. Goblins,EVG,2014,12,62,0.0
Duel Decks Anthology: Garruk vs. Liliana,GVL,2014,12,63,0.0
Duel Decks Anthology: Jace vs. Chandra,JVC,2014,12,62,0.0
Duel Decks: Ajani vs. Nicol Bolas,DDH,2011,09,80,0.0
Duel Decks: Anthology,DD3,2014,12,0,0.0
Duel Decks: Blessed vs. Cursed,DDQ,2016,02,80,0.0
Duel Decks: Divine vs. Demonic,DDC,2009,04,62,0.0
Duel Decks: Elspeth vs. Kiora,DDO,2015,02,67,0.0
Duel Decks: Elspeth vs. Tezzeret,DDF,2010,09,79,0.0
Duel Decks: Elves vs. Goblins,DD1,2007,11,62,0.0
Duel Decks: Elves vs. Inventors,DDU,2018,04,76,0.0
Duel Decks: Garruk vs. Liliana,DDD,2009,10,63,0.0
Duel Decks: Heroes vs. Monsters,DDL,2013,09,81,0.0
Duel Decks: Izzet vs. Golgari,DDJ,2012,09,90,0.0
Duel Decks: Jace vs. Chandra,DD2,2008,11,62,0.0
Duel Decks: Jace vs. Vraska,DDM,2014,03,88,0.0
Duel Decks: Knights vs. Dragons,DDG,2011,04,81,0.0
Duel Decks: Merfolk vs. Goblins,DDT,2017,10,63,0.0
Duel Decks: Mind vs. Might,DDS,2017,03,65,0.0
Duel Decks: Mirrodin Pure vs. New Phyrexia,TD2,2011,05,88,0.0
Duel Decks: Nissa vs. Ob Nixilis,DDR,2016,09,76,0.0
Duel Decks: Phyrexia vs. the Coalition,DDE,2010,03,71,0.0
Duel Decks: Sorin vs. Tibalt,DDK,2013,03,80,0.0
Duel Decks: Speed vs. Cunning,DDN,2014,09,82,0.0
Duel Decks: Venser vs. Koth,DDI,2012,03,77,0.0
Duel Decks: Zendikar vs. Eldrazi,DDP,2015,08,80,0.0
Duels of the Planeswalkers,DPA,2010,06,113,0.0
Duels of the Planeswalkers 2009 Promos,PDTP,2009,01,1,0.0
Duels of the Planeswalkers 2010 Promos,PDP10,2010,01,2,0.0
Duels of the Planeswalkers 2012 Promos,PDP12,2011,01,3,0.0
Duels of the Planeswalkers 2013 Promos,PDP13,2012,01,3,0.0
Duels of the Planeswalkers 2014 Promos,PDP14,2013,01,3,0.0
Duels of the Planeswalkers 2015 Promos,PDP15,2014,07,269,0.0
Eighth Edition,8ED,2003,07,350,0.0
Eighth Edition Promos,P8ED,2003,07,1,0.0
Eldritch Moon,EMN,2016,07,205,0.0
Eldritch Moon Promos,PEMN,2016,07,76,0.0
Eternal Masters,EMA,2016,06,249,0.0
Eternal Weekend,PEWK,2022,11,4,0.0
European Land Program,PELP,2000,02,15,0.0
Eventide,EVE,2008,07,180,0.0
Eventide Promos,PEVE,2008,07,2,0.0
Exodus,EXO,1998,06,143,2.0
Exodus Promos,PEXO,1998,06,1,0.0
Explorer Anthology 1,EA1,2022,07,20,0.0
Explorer Anthology 2,EA2,2022,12,25,0.0
Explorer Anthology 3,EA3,2023,07,25,0.0
Explorers of Ixalan,E02,2017,11,47,0.0
Face the Hydra,TFTH,2013,10,15,0.0
Fallen Empires,FEM,1994,11,187,0.0
Fallout,PIP,2024,03,0,0.0
Fate Reforged,FRF,2015,01,185,0.0
Fate Reforged Clash Pack,CP2,2015,01,6,0.0
Fate Reforged Promos,PFRF,2015,01,42,0.0
Fifth Dawn,5DN,2004,06,165,0.0
Fifth Dawn Promos,P5DN,2004,06,1,0.0
Fifth Edition,5ED,1997,03,455,0.0
Foreign Black Border,FBB,1994,04,306,0.0
Forgotten Realms Commander,AFC,2021,07,62,0.0
Forgotten Realms Commander Display Commanders,OAFC,2021,07,4,0.0
Fourth Edition,4ED,1995,04,378,0.0
Fourth Edition Foreign Black Border,4BB,1995,04,378,0.0
Friday Night Magic 2000,FNM,2000,01,350,0.0
Friday Night Magic 2001,F01,2001,01,7,0.0
Friday Night Magic 2002,F02,2002,01,12,0.0
Friday Night Magic 2003,F03,2003,01,12,0.0
Friday Night Magic 2004,F04,2004,01,12,0.0
Friday Night Magic 2005,F05,2005,01,12,0.0
Friday Night Magic 2006,F06,2006,01,12,0.0
Friday Night Magic 2007,F07,2007,01,12,0.0
Friday Night Magic 2008,F08,2008,01,12,0.0
Friday Night Magic 2009,F09,2009,01,12,0.0
Friday Night Magic 2010,F10,2010,01,12,0.0
Friday Night Magic 2011,F11,2011,01,12,0.0
Friday Night Magic 2012,F12,2012,01,12,0.0
Friday Night Magic 2013,F13,2013,01,12,0.0
Friday Night Magic 2014,F14,2014,01,12,0.0
Friday Night Magic 2015,F15,2015,01,12,0.0
Friday Night Magic 2016,F16,2016,01,12,0.0
Friday Night Magic 2017,F17,2017,01,12,0.0
Friday Night Magic 2018,F18,2017,12,12,0.0
From the Vault: Angels,V15,2015,08,15,0.0
From the Vault: Annihilation,V14,2014,08,15,0.0
From the Vault: Dragons,DRB,2008,08,15,0.0
From the Vault: Exiled,V09,2009,08,15,0.0
From the Vault: Legends,V11,2011,08,15,0.0
From the Vault: Lore,V16,2016,08,16,0.0
From the Vault: Realms,V12,2012,08,15,0.0
From the Vault: Relics,V10,2010,08,15,0.0
From the Vault: Transform,V17,2017,11,15,0.0
From the Vault: Twenty,V13,2013,08,20,0.0
Future Sight,FUT,2007,05,180,0.0
Future Sight Promos,PFUT,2007,05,2,0.0
GRN Guild Kit,GK1,2018,11,127,0.0
GRN Ravnica Weekend,PRWK,2018,11,10,0.0
Game Day Promos,GDY,2022,04,9,0.0
Game Night,GNT,2018,11,68,0.0
Game Night 2019,GN2,2019,11,64,0.0
Game Night: Free-for-All,GN3,2022,10,135,0.0
Gatecrash,GTC,2013,02,249,0.0
Gatecrash Promos,PGTC,2013,01,9,0.0
Global Series Jiang Yanggu & Mu Yanling,GS1,2018,06,40,0.0
Grand Prix Promos,PGPX,2007,02,20,0.0
Guildpact,GPT,2006,02,165,0.0
Guildpact Promos,PGPT,2006,02,2,0.0
Guilds of Ravnica,GRN,2018,10,259,0.0
Guilds of Ravnica Promos,PGRN,2018,10,83,0.0
Guru,PGRU,1999,07,5,0.0
Hachette UK,PHUK,2006,01,60,0.0
Happy Holidays,HHO,2006,12,19,0.0
HarperPrism Book Promos,PHPR,1994,09,5,0.0
HasCon 2017,H17,2017,09,4,0.0
Historic Anthology 1,HA1,2019,11,20,0.0
Historic Anthology 2,HA2,2020,03,25,0.0
Historic Anthology 3,HA3,2020,05,27,0.0
Historic Anthology 4,HA4,2021,03,25,0.0
Historic Anthology 5,HA5,2021,05,25,0.0
Historic Anthology 6,HA6,2022,07,20,0.0
Historic Anthology 7,HA7,2023,07,25,0.0
Hobby Japan Promos,PHJ,2002,07,5,0.0
Homelands,HML,1995,10,140,0.0
Hour of Devastation,HOU,2017,07,199,0.0
Hour of Devastation Promos,PHOU,2017,07,62,0.0
IDW Comics Inserts,PIDW,2012,01,9,0.0
Ice Age,ICE,1995,06,383,2.0
Iconic Masters,IMA,2017,11,249,0.0
Ikoria: Lair of Behemoths,IKO,2020,04,274,2.0
Ikoria: Lair of Behemoths Promos,PIKO,2020,04,136,0.0
Innistrad,ISD,2011,09,264,0.0
Innistrad Promos,PISD,2011,09,5,0.0
Innistrad: Crimson Vow,VOW,2021,11,277,0.0
Innistrad: Crimson Vow Minigames,MVOW,2021,11,0,0.0
Innistrad: Crimson Vow Promos,PVOW,2021,11,126,0.0
Innistrad: Crimson Vow Substitute Cards,SVOW,2021,11,0,0.0
Innistrad: Double Feature,DBL,2022,01,633,0.0
Innistrad: Midnight Hunt,MID,2021,09,277,0.0
Innistrad: Midnight Hunt Minigames,MMID,2021,09,0,0.0
Innistrad: Midnight Hunt Promos,PMID,2021,09,168,0.0
Innistrad: Midnight Hunt Substitute Cards,SMID,2021,09,0,0.0
Intl. Collectors' Edition,CEI,1993,12,302,0.0
Introductory Two-Player Set,ITP,1996,12,67,0.0
Invasion,INV,2000,10,350,0.0
Invasion Promos,PINV,2000,10,1,0.0
Ixalan,XLN,2017,09,279,0.0
Ixalan Promos,PXLN,2017,09,120,0.0
Japan Junior Tournament,PJJT,2003,01,12,0.0
Journey into Nyx,JOU,2014,05,165,0.0
Journey into Nyx Hero's Path,THP3,2014,05,8,0.0
Journey into Nyx Promos,PJOU,2014,04,10,0.0
Judge Gift Cards 1998,JGP,1998,01,3,0.0
Judge Gift Cards 1999,G99,1999,01,350,0.0
Judge Gift Cards 2000,G00,2000,01,2,0.0
Judge Gift Cards 2001,G01,2001,01,2,0.0
Judge Gift Cards 2002,G02,2002,01,2,0.0
Judge Gift Cards 2003,G03,2003,01,3,0.0
Judge Gift Cards 2004,G04,2004,01,6,0.0
Judge Gift Cards 2005,G05,2005,01,4,0.0
Judge Gift Cards 2006,G06,2006,01,4,0.0
Judge Gift Cards 2007,G07,2007,01,5,0.0
Judge Gift Cards 2008,G08,2008,01,5,0.0
Judge Gift Cards 2009,G09,2009,01,10,0.0
Judge Gift Cards 2010,G10,2010,01,8,0.0
Judge Gift Cards 2011,G11,2011,01,8,0.0
Judge Gift Cards 2012,J12,2012,01,8,0.0
Judge Gift Cards 2013,J13,2013,01,8,0.0
Judge Gift Cards 2014,J14,2014,01,9,0.0
Judge Gift Cards 2015,J15,2015,01,8,0.0
Judge Gift Cards 2016,J16,2016,01,8,0.0
Judge Gift Cards 2017,J17,2017,01,8,0.0
Judge Gift Cards 2018,J18,2018,01,8,0.0
Judge Gift Cards 2019,J19,2019,04,8,0.0
Judge Gift Cards 2020,J20,2020,01,10,0.0
Judge Gift Cards 2021,PJ21,2021,01,10,0.0
Judge Gift Cards 2022,P22,2022,01,11,0.0
Judge Gift Cards 2023,P23,2023,01,10,0.0
Judgment,JUD,2002,05,143,0.0
Judgment Promos,PJUD,2002,05,1,0.0
Jumpstart,JMP,2020,07,495,0.0
Jumpstart 2022,J22,2022,12,834,0.0
Jumpstart 2022 Front Cards,FJ22,2022,12,0,0.0
Jumpstart Arena Exclusives,AJMP,2020,07,18,0.0
Jumpstart Front Cards,FJMP,2020,06,0,0.0
Jumpstart: Historic Horizons,J21,2021,08,388,0.0
Junior APAC Series,PJAS,2006,01,6,0.0
Junior Series Europe,PJSE,2005,01,8,0.0
Junior Super Series,PSUS,1999,12,350,0.0
Jurassic World Collection,REX,2023,11,0,0.0
Kaladesh,KLD,2016,09,264,0.0
Kaladesh Inventions,MPS,2016,09,54,0.0
Kaladesh Promos,PKLD,2016,09,82,0.0
Kaladesh Remastered,KLR,2020,11,301,0.0
Kaldheim,KHM,2021,02,285,0.0
Kaldheim Art Series,AKHM,2021,02,0,0.0
Kaldheim Commander,KHC,2021,02,1,0.0
Kaldheim Minigames,MKHM,2021,02,5,0.0
Kaldheim Promos,PKHM,2021,02,1,0.0
Kaldheim Substitute Cards,SKHM,2021,02,0,0.0
Kamigawa: Neon Dynasty,NEO,2022,02,302,0.0
Kamigawa: Neon Dynasty Minigames,MNEO,2022,02,0,0.0
Kamigawa: Neon Dynasty Promos,PNEO,2022,02,155,0.0
Kamigawa: Neon Dynasty Substitute Cards,SNEO,2022,02,0,0.0
Khans of Tarkir,KTK,2014,09,269,2.0
Khans of Tarkir Promos,PKTK,2014,09,56,0.0
League Tokens 2012,L12,2012,01,2,0.0
League Tokens 2013,L13,2013,01,4,0.0
League Tokens 2014,L14,2014,01,4,0.0
League Tokens 2015,L15,2015,01,1,0.0
League Tokens 2016,L16,2016,01,1,0.0
League Tokens 2017,L17,2017,01,1,0.0
Legacy Championship,OLGC,2011,01,24,0.0
Legendary Cube Prize Pack,PZ1,2015,11,149,0.0
Legends,LEG,1994,06,310,1.0
Legions,LGN,2003,02,145,0.0
Legions Promos,PLGN,2003,02,1,0.0
Limited Edition Alpha,LEA,1993,08,295,18.0
Limited Edition Beta,LEB,1993,10,302,0.0
Lorwyn,LRW,2007,10,301,0.0
Lorwyn Promos,PLRW,2007,10,2,0.0
Love Your LGS 2020,PLG20,2020,05,1,0.0
Love Your LGS 2021,PLG21,2021,06,5,0.0
Love Your LGS 2022,PLG22,2022,07,2,0.0
Lunar New Year 2018,PLNY,2018,02,1,0.0
M15 Prerelease Challenge,PPC1,2014,07,2,0.0
M19 Gift Pack,G18,2018,11,5,0.0
M19 Standard Showdown,PSS3,2018,07,5,0.0
M20 Promo Packs,PPP1,2019,07,5,0.0
MKM Japanese Promo Tokens,WMKM,2024,02,0,0.0
MKM Standard Showdown,PSS4,2024,02,5,0.0
MOM Japanese Promo Tokens,WMOM,2023,04,0,0.0
MTG Arena Promos,PANA,2018,07,3,0.0
Magic 2010,M10,2009,07,249,0.0
Magic 2010 Promos,PM10,2009,07,3,0.0
Magic 2011,M11,2010,07,249,0.0
Magic 2011 Promos,PM11,2010,07,4,0.0
Magic 2012,M12,2011,07,249,0.0
Magic 2012 Promos,PM12,2011,07,3,0.0
Magic 2013,M13,2012,07,249,0.0
Magic 2013 Promos,PM13,2012,07,5,0.0
Magic 2014,M14,2013,07,249,0.0
Magic 2014 Promos,PM14,2013,07,5,0.0
Magic 2015,M15,2014,07,269,0.0
Magic 2015 Clash Pack,CP1,2014,07,6,0.0
Magic 2015 Promos,PM15,2014,07,13,0.0
Magic Online Avatars,PMOA,2003,01,85,0.0
Magic Online Promos,PRM,2002,06,3076,0.0
Magic Online Theme Decks,TD0,2010,11,197,0.0
Magic Origins,ORI,2015,07,272,0.0
Magic Origins Clash Pack,CP3,2015,07,6,0.0
Magic Origins Promos,PORI,2015,07,53,0.0
Magic Player Rewards 2001,MPR,2001,01,8,0.0
Magic Player Rewards 2002,PR2,2002,01,6,0.0
Magic Player Rewards 2003,P03,2003,01,1,0.0
Magic Player Rewards 2004,P04,2004,01,1,0.0
Magic Player Rewards 2005,P05,2005,01,6,0.0
Magic Player Rewards 2006,P06,2006,01,7,0.0
Magic Player Rewards 2007,P07,2007,01,7,0.0
Magic Player Rewards 2008,P08,2008,01,7,0.0
Magic Player Rewards 2009,P09,2009,01,7,0.0
Magic Player Rewards 2010,P10,2010,01,9,0.0
Magic Player Rewards 2011,P11,2011,01,9,0.0
Magic Premiere Shop 2005,PMPS,2005,01,20,0.0
Magic Premiere Shop 2006,PMPS06,2006,01,5,0.0
Magic Premiere Shop 2007,PMPS07,2007,01,5,0.0
Magic Premiere Shop 2008,PMPS08,2008,01,5,0.0
Magic Premiere Shop 2009,PMPS09,2009,01,5,0.0
Magic Premiere Shop 2010,PMPS10,2010,01,5,0.0
Magic Premiere Shop 2011,PMPS11,2011,01,5,0.0
Magic Ã— Duel Masters Promos,PMDA,2023,09,4,0.0
MagicFest 2019,PF19,2019,01,6,0.0
MagicFest 2020,PF20,2020,01,6,0.0
MagicFest 2023,PF23,2023,07,4,0.0
MagicFest 2024,PF24,2024,01,1,0.0
March of the Machine,MOM,2023,04,291,0.0
March of the Machine Art Series,AMOM,2023,04,0,0.0
March of the Machine Commander,MOC,2023,04,79,0.0
March of the Machine Jumpstart Front Cards,FMOM,2023,04,0,0.0
March of the Machine Promos,PMOM,2023,04,160,0.0
March of the Machine Substitute Cards,SMOM,2023,04,0,0.0
March of the Machine: The Aftermath,MAT,2023,05,50,0.0
March of the Machine: The Aftermath Promos,PMAT,2023,11,7,0.0
Masters 25,A25,2018,03,249,0.0
Masters Edition,ME1,2007,09,195,0.0
Masters Edition II,ME2,2008,09,245,0.0
Masters Edition III,ME3,2009,09,230,0.0
Masters Edition IV,ME4,2011,01,260,0.0
Media Inserts,PMEI,1995,01,57,0.0
Mercadian Masques,MMQ,1999,10,350,1.0
Mercadian Masques Promos,PMMQ,1999,10,1,0.0
MicroProse Promos,PMIC,1997,04,1,0.0
Midnight Hunt Art Series,AMID,2021,09,0,0.0
Midnight Hunt Commander,MIC,2021,09,38,0.0
Midnight Hunt Commander Display Commanders,OMIC,2021,09,2,0.0
Mirage,MIR,1996,10,350,2.0
Mirrodin,MRD,2003,10,306,0.0
Mirrodin Besieged,MBS,2011,02,155,0.0
Mirrodin Besieged Promos,PMBS,2011,02,4,0.0
Mirrodin Promos,PMRD,2004,06,1,0.0
Miscellaneous Book Promos,PBOOK,2009,01,1,0.0
Modern Event Deck 2014,MD1,2014,05,26,0.0
Modern Horizons,MH1,2019,06,254,2.0
Modern Horizons 1 Timeshifts,H1R,2021,06,40,0.0
Modern Horizons 2,MH2,2021,06,303,1.0
Modern Horizons 2 Art Series,AMH2,2021,06,0,0.0
Modern Horizons 2 Minigames,MMH2,2021,06,5,0.0
Modern Horizons 2 Promos,PMH2,2021,06,86,0.0
Modern Horizons 3,MH3,2024,06,337,0.0
Modern Horizons 3 Commander,M3C,2024,06,0,0.0
Modern Horizons Art Series,AMH1,2019,06,54,0.0
Modern Horizons Promos,PMH1,2019,06,2,0.0
Modern Masters,MMA,2013,06,229,0.0
Modern Masters 2015,MM2,2015,05,249,0.0
Modern Masters 2017,MM3,2017,03,249,0.0
Morningtide,MOR,2008,02,150,0.0
Morningtide Promos,PMOR,2008,02,2,0.0
Multiverse Gift Box,MGB,1996,11,10,0.0
Multiverse Legends,MUL,2023,04,261,0.0
Murders at Karlov Manor,MKM,2024,02,286,0.0
Murders at Karlov Manor Art Series,AMKM,2024,02,0,0.0
Murders at Karlov Manor Commander,MKC,2024,02,361,0.0
Murders at Karlov Manor Promos,PMKM,2024,02,182,0.0
Mystery Booster,MB1,2019,11,249,0.0
Mystery Booster Playtest Cards 2019,CMB1,2019,11,121,0.0
Mystery Booster Playtest Cards 2021,CMB2,2021,08,121,0.0
Mythic Edition,MED,2018,10,24,0.0
Nationals Promos,PNAT,2018,01,1,0.0
Nemesis,NEM,2000,02,143,0.0
Nemesis Promos,PNEM,2000,02,1,0.0
Neon Dynasty Art Series,ANEO,2022,02,0,0.0
Neon Dynasty Commander,NEC,2022,02,38,0.0
New Capenna Art Series,ASNC,2022,04,0,0.0
New Capenna Commander,NCC,2022,04,93,0.0
New Capenna Commander Promos,PNCC,2022,04,76,0.0
New Phyrexia,NPH,2011,05,175,2.0
New Phyrexia Promos,PNPH,2011,05,4,0.0
Ninth Edition,9ED,2005,07,350,0.0
Ninth Edition Promos,P9ED,2005,07,2,0.0
ONE Japanese Promo Tokens,WONE,2023,01,0,0.0
Oath of the Gatewatch,OGW,2016,01,184,0.0
Oath of the Gatewatch Promos,POGW,2016,01,65,0.0
Odyssey,ODY,2001,10,350,0.0
Odyssey Promos,PODY,2001,10,1,0.0
Onslaught,ONS,2002,10,350,0.0
Onslaught Promos,PONS,2002,09,1,0.0
Open the Helvault,PHEL,2012,04,6,0.0
Outlaws of Thunder Junction,OTJ,2024,04,286,0.0
Outlaws of Thunder Junction Commander,OTC,2024,04,40,0.0
Oversized 90's Promos,O90P,1996,04,10,0.0
Oversized League Prizes,OLEP,1997,05,83,0.0
Phyrexia: All Will Be One,ONE,2023,02,271,0.0
Phyrexia: All Will Be One Art Series,AONE,2023,02,0,0.0
Phyrexia: All Will Be One Commander,ONC,2023,02,28,0.0
Phyrexia: All Will Be One Jumpstart Front Cards,FONE,2023,02,0,0.0
Phyrexia: All Will Be One Minigames,MONE,2023,02,0,0.0
Phyrexia: All Will Be One Promos,PONE,2023,02,160,0.0
Pioneer Challenger Decks 2021,Q06,2021,10,10,0.0
Pioneer Challenger Decks 2022,Q08,2022,11,0,0.0
Planar Chaos,PLC,2007,02,165,0.0
Planar Chaos Promos,PPLC,2007,02,2,0.0
Planechase,HOP,2009,09,169,0.0
Planechase 2012,PC2,2012,06,156,0.0
Planechase 2012 Planes,OPC2,2012,06,40,0.0
Planechase Anthology,PCA,2016,11,156,0.0
Planechase Anthology Planes,OPCA,2018,12,86,0.0
Planechase Planes,OHOP,2009,09,40,0.0
Planechase Promos,PHOP,2009,09,2,0.0
Planeshift,PLS,2001,02,143,0.0
Planeshift Promos,PPLS,2001,02,1,0.0
Planeswalker Championship Promos,PWCS,2019,10,26,0.0
Ponies: The Galloping,PTG,2019,10,3,0.0
Portal,POR,1997,05,243,0.0
Portal Second Age,P02,1998,06,165,0.0
Portal Three Kingdoms,PTK,1999,05,180,1.0
Portal: Three Kingdoms Promos,PPTK,1999,05,2,0.0
Premium Deck Series: Fire and Lightning,PD2,2010,11,34,0.0
Premium Deck Series: Graveborn,PD3,2011,11,50,0.0
Premium Deck Series: Slivers,H09,2009,11,41,0.0
Pro Tour Collector Set,PTC,1996,05,308,0.0
Pro Tour Promos,PPRO,2007,02,15,0.0
Prophecy,PCY,2000,06,143,0.0
Prophecy Promos,PPCY,2000,06,1,0.0
RNA Guild Kit,GK2,2019,02,133,0.0
RNA Ravnica Weekend,PRW2,2019,02,10,0.0
Ravnica Allegiance,RNA,2019,01,259,0.0
Ravnica Allegiance Promos,PRNA,2019,01,80,0.0
Ravnica Remastered,RVR,2024,01,291,0.0
Ravnica: City of Guilds,RAV,2005,10,306,0.0
Ravnica: City of Guilds Promos,PRAV,2005,10,2,0.0
Ravnica: Clue Edition,CLU,2024,02,289,0.0
Ravnica: Clue Edition Front Cards,FCLU,2024,02,0,0.0
Redemption Program,PRED,1996,10,1,0.0
Regional Championship Qualifiers 2022,PRCQ,2022,10,0,0.0
Regional Championship Qualifiers 2023,PR23,2023,01,4,0.0
Renaissance,REN,1995,08,122,0.0
Resale Promos,PRES,2007,01,40,0.0
Return to Ravnica,RTR,2012,10,274,1.0
Return to Ravnica Promos,PRTR,2012,10,10,0.0
Revised Edition,3ED,1994,04,306,0.0
Rinascimento,RIN,1995,08,69,0.0
Rise of the Eldrazi,ROE,2010,04,248,0.0
Rise of the Eldrazi Promos,PROE,2010,04,4,0.0
Rivals Quick Start Set,RQS,1996,07,65,0.0
Rivals of Ixalan,RIX,2018,01,196,0.0
Rivals of Ixalan Promos,PRIX,2018,01,97,0.0
Salvat 2005,PSAL,2005,08,720,0.0
Salvat 2011,PS11,2011,01,224,0.0
San Diego Comic-Con 2013,PSDC,2013,07,5,0.0
San Diego Comic-Con 2014,PS14,2014,07,269,0.0
San Diego Comic-Con 2015,PS15,2015,07,5,0.0
San Diego Comic-Con 2016,PS16,2016,10,5,0.0
San Diego Comic-Con 2017,PS17,2017,07,6,0.0
San Diego Comic-Con 2018,PS18,2018,07,5,0.0
San Diego Comic-Con 2019,PS19,2019,07,5,0.0
Saviors of Kamigawa,SOK,2005,06,165,0.0
Saviors of Kamigawa Promos,PSOK,2005,06,2,0.0
Scars of Mirrodin,SOM,2010,10,249,0.0
Scars of Mirrodin Promos,PSOM,2010,09,3,0.0
Scourge,SCG,2003,05,143,0.0
Scourge Promos,PSCG,2003,05,1,0.0
Secret Lair 30th Anniversary Countdown Kit,SLC,2022,11,2002,0.0
Secret Lair Drop,SLD,2019,12,1,0.0
Secret Lair Showdown,SLP,2023,02,21,0.0
Secret Lair: Ultimate Edition,SLU,2020,05,1,0.0
Sega Dreamcast Cards,PSDG,2001,06,10,0.0
Seventh Edition,7ED,2001,04,350,0.0
Shadowmoor,SHM,2008,05,301,0.0
Shadowmoor Promos,PSHM,2008,05,2,0.0
Shadows of the Past,SIS,2023,03,81,0.0
Shadows over Innistrad,SOI,2016,04,297,0.0
Shadows over Innistrad Promos,PSOI,2016,04,89,0.0
Shadows over Innistrad Remastered,SIR,2023,03,320,0.0
Shards of Alara,ALA,2008,10,249,0.0
Shards of Alara Promos,PALA,2008,10,1,0.0
Signature Spellbook: Chandra,SS3,2020,06,8,0.0
Signature Spellbook: Gideon,SS2,2019,06,8,0.0
Signature Spellbook: Jace,SS1,2018,06,8,0.0
Special Guests,SPG,2023,11,0,0.0
Starter 1999,S99,1999,07,173,0.0
Starter 2000,S00,2000,04,20,0.0
Starter Commander Decks,SCD,2022,12,352,0.0
Store Championships,SCH,2022,07,26,0.0
Streets of New Capenna,SNC,2022,04,281,0.0
Streets of New Capenna Minigames,MSNC,2022,04,0,0.0
Streets of New Capenna Promos,PSNC,2022,04,160,0.0
Streets of New Capenna Southeast Asia Tokens,PTSNC,2022,04,0,0.0
Strixhaven Art Series,ASTX,2021,04,0,0.0
Strixhaven Mystical Archive,STA,2021,04,63,0.0
Strixhaven: School of Mages,STX,2021,04,275,1.0
Strixhaven: School of Mages Minigames,MSTX,2021,04,5,0.0
Strixhaven: School of Mages Promos,PSTX,2021,04,180,0.0
Strixhaven: School of Mages Substitute Cards,SSTX,2021,04,0,0.0
Stronghold,STH,1998,03,143,1.0
Stronghold Promos,PSTH,1998,03,1,0.0
Summer Magic / Edgar,SUM,1994,06,306,0.0
Summer Vacation Promos 2022,PSVC,2022,08,3,0.0
Tales of Middle-earth Art Series,ALTR,2023,06,0,0.0
Tales of Middle-earth Commander,LTC,2023,06,84,0.0
Tales of Middle-earth Front Cards,FLTR,2023,06,0,0.0
Tales of Middle-earth Promos,PLTR,2023,06,86,0.0
Tarkir Dragonfury,PTKDF,2015,04,4,0.0
Tempest,TMP,1997,10,350,1.0
Tempest Promos,PTMP,1997,10,1,0.0
Tempest Remastered,TPR,2015,05,269,0.0
Tenth Edition,10E,2007,07,383,0.0
Tenth Edition Promos,P10E,2007,07,3,0.0
The Big Score,BIG,2024,04,0,0.0
The Brothers' War,BRO,2022,11,292,0.0
The Brothers' War Art Series,ABRO,2022,11,0,0.0
The Brothers' War Commander,BRC,2022,11,40,0.0
The Brothers' War Jumpstart Front Cards,FBRO,2022,11,0,0.0
The Brothers' War Minigames,MBRO,2022,11,0,0.0
The Brothers' War Promos,PBRO,2022,11,169,0.0
The Brothers' War Retro Artifacts,BRR,2022,11,189,0.0
The Brothers' War Southeast Asia Tokens,PTBRO,2022,11,0,0.0
The Brothers' War Substitute Cards,SBRO,2022,11,0,0.0
The Dark,DRK,1994,08,119,0.0
The List,PLST,2020,09,3481,0.0
The List (Unfinity Foil Edition),ULST,2022,10,62,0.0
The Lord of the Rings: Tales of Middle-earth,LTR,2023,06,289,0.0
The Lost Caverns of Ixalan,LCI,2023,11,291,0.0
The Lost Caverns of Ixalan Art Series,ALCI,2023,11,0,0.0
The Lost Caverns of Ixalan Commander,LCC,2023,11,16,0.0
The Lost Caverns of Ixalan Promos,PLCI,2023,11,174,0.0
The Lost Caverns of Ixalan Substitute Cards,SLCI,2023,11,0,0.0
Theros,THS,2013,09,249,0.0
Theros Beyond Death,THB,2020,01,254,1.0
Theros Beyond Death Promos,PTHB,2020,01,136,0.0
Theros Hero's Path,THP1,2013,09,7,0.0
Theros Promos,PTHS,2013,09,10,0.0
Throne of Eldraine,ELD,2019,10,269,1.0
Throne of Eldraine Promos,PELD,2019,10,150,0.0
Time Spiral,TSP,2006,10,301,0.0
Time Spiral Promos,PTSP,2006,10,2,0.0
Time Spiral Remastered,TSR,2021,03,289,0.0
Time Spiral Remastered Promos,PTSR,2023,09,2,0.0
Time Spiral Timeshifted,TSB,2006,10,121,0.0
Torment,TOR,2002,02,143,0.0
Torment Promos,PTOR,2002,02,1,0.0
Transformers,BOT,2022,11,58,0.0
Treasure Chest,PZ2,2016,11,73,0.0
Two-Headed Giant Tournament,P2HG,2005,12,1,0.0
URL/Convention Promos,PURL,2009,02,9,0.0
Ugin's Fate,UGIN,2015,01,185,0.0
Ultimate Box Topper,PUMA,2018,12,40,0.0
Ultimate Masters,UMA,2018,12,254,0.0
Unfinity,UNF,2022,10,244,0.0
Unfinity Sticker Sheets,SUNF,2022,10,48,0.0
Unglued,UGL,1998,08,94,0.0
Unhinged,UNH,2004,11,140,0.0
Unhinged Promos,PUNH,2004,11,1,0.0
Universes Within,SLX,2022,03,24,0.0
Unlimited Edition,2ED,1993,12,302,0.0
Unsanctioned,UND,2020,02,96,0.0
Unstable,UST,2017,12,216,0.0
Unstable Promos,PUST,2017,12,1,0.0
Urza's Destiny,UDS,1999,06,143,1.0
Urza's Destiny Promos,PUDS,1999,06,1,0.0
Urza's Legacy,ULG,1999,02,143,3.0
Urza's Legacy Promos,PULG,1999,02,1,0.0
Urza's Saga,USG,1998,10,350,3.0
Urza's Saga Promos,PUSG,1998,10,1,0.0
Vanguard Series,PVAN,1997,05,32,0.0
Vintage Championship,OVNT,2003,01,32,0.0
Vintage Masters,VMA,2014,06,325,0.0
Visions,VIS,1997,02,167,2.0
WOE Japanese Promo Tokens,WWOE,2023,09,0,0.0
War of the Spark,WAR,2019,05,264,1.0
War of the Spark Promos,PWAR,2019,05,175,0.0
"Warhammer 40,000 Commander",40K,2022,10,617,0.0
Weatherlight,WTH,1997,06,167,0.0
Welcome Deck 2016,W16,2016,04,16,0.0
Welcome Deck 2017,W17,2017,04,30,0.0
Wilds of Eldraine,WOE,2023,09,276,0.0
Wilds of Eldraine Art Series,AWOE,2023,09,0,0.0
Wilds of Eldraine Commander,WOC,2023,09,28,0.0
Wilds of Eldraine Promos,PWOE,2023,09,200,0.0
Wilds of Eldraine: Enchanting Tales,WOT,2023,09,0,0.0
Wizards Play Network 2011,PW11,2011,01,3,0.0
Wizards Play Network 2012,PW12,2012,01,3,0.0
Wizards Play Network 2021,PW21,2021,06,6,0.0
Wizards Play Network 2022,PW22,2022,03,6,0.0
Wizards Play Network 2023,PW23,2023,01,11,0.0
Wizards Play Network 2024,PW24,2024,01,13,0.0
Wizards of the Coast Online Store,PWOS,1999,09,1,0.0
World Championship Decks 1997,WC97,1997,08,131,0.0
World Championship Decks 1998,WC98,1998,08,117,0.0
World Championship Decks 1999,WC99,1999,08,111,0.0
World Championship Decks 2000,WC00,2000,08,117,0.0
World Championship Decks 2001,WC01,2001,08,138,0.0
World Championship Decks 2002,WC02,2002,08,153,0.0
World Championship Decks 2003,WC03,2003,08,142,0.0
World Championship Decks 2004,WC04,2004,09,103,0.0
World Championship Promos,PWOR,1999,08,350,0.0
World Magic Cup Qualifiers,WMC,2013,04,5,0.0
Worldwake,WWK,2010,02,145,0.0
Worldwake Promos,PWWK,2010,02,4,0.0
XLN Standard Showdown,PSS2,2017,09,5,0.0
XLN Treasure Chest,PXTC,2017,11,10,0.0
Year of the Dragon 2024,PL24,2024,02,6,0.0
Year of the Ox 2021,PL21,2021,01,4,0.0
Year of the Rabbit 2023,PL23,2023,02,5,0.0
Year of the Tiger 2022,PL22,2022,02,5,0.0
Zendikar,ZEN,2009,10,249,0.0
Zendikar Expeditions,EXP,2015,10,45,0.0
Zendikar Promos,PZEN,2009,10,3,0.0
Zendikar Rising,ZNR,2020,09,280,0.0
Zendikar Rising Art Series,AZNR,2020,09,0,0.0
Zendikar Rising Commander,ZNC,2020,09,1,0.0
Zendikar Rising Expeditions,ZNE,2020,09,30,0.0
Zendikar Rising Minigames,MZNR,2020,09,5,0.0
Zendikar Rising Promos,PZNR,2020,09,168,0.0
Zendikar Rising Substitute Cards,SZNR,2020,09,0,0.0
